<?xml version="1.0" encoding="UTF-8"?>
<project-private xmlns="http://www.netbeans.org/ns/project-private/1">
    <editor-bookmarks xmlns="http://www.netbeans.org/ns/editor-bookmarks/2" lastBookmarkId="0"/>
    <open-files xmlns="http://www.netbeans.org/ns/projectui-open-files/2">
        <group>
            <file>file:/C:/Users/omora/OneDrive/OCF/1%20UMUC/Teach/CMSC%20335%20OO%20Concurrent%20Prog/LUs/Assets/Week4/Assignments/3%20Resources/Guidance/Guidance-W4-SWING-Shapes/src/main_SWING.java</file>
            <file>file:/C:/Users/omora/OneDrive/OCF/1%20UMUC/Teach/CMSC%20335%20OO%20Concurrent%20Prog/LUs/Assets/Week4/Assignments/3%20Resources/Guidance/Guidance-W4-SWING-Shapes/src/Shape.java</file>
        </group>
    </open-files>
</project-private>
